detection_window_start_time,detector_score,relative_sound_level
0.0,-10.009943,-27.497988
0.06675,-13.550151,-49.994415
0.1335,-14.787986,-40.531586
0.20025,-14.075748,-49.873753
0.267,-13.058163,-50.36595
0.33375,-11.877889,-37.615868
0.4005,-6.4758735,-36.352055
0.46725000000000005,-13.95834,-33.47748
0.534,-14.8229265,-43.97387
0.60075,-15.788026,-49.207325
0.6675,-14.838369,-49.60319
0.7342500000000001,-11.180143,-50.4303
0.801,-8.11339,-35.221382
