detection_window_start_time,detector_score,relative_sound_level
0.0,-10.611001,-34.490986
0.06675,-14.297326,-50.75956
0.1335,-15.588215,-50.70458
0.20025,-13.5681095,-51.849483
0.267,-8.908765,-48.9488
0.33375,3.3934698,-22.547205
0.4005,10.734605,-22.199677
0.46725000000000005,-4.4172735,-16.234268
0.534,-9.539698,-28.504768
0.60075,-13.59619,-36.94721
0.6675,-13.801199,-43.13995
0.7342500000000001,-10.538998,-44.31983
0.801,-7.6888027,-42.014885
