detection_window_start_time,detector_score,relative_sound_level
0.0,-11.018925,-40.59613
0.06675,-14.771413,-51.31849
0.1335,-15.769909,-52.1566
0.20025,-12.608545,-50.913795
0.267,-7.966409,-50.85518
0.33375,6.3921223,-14.963332
0.4005,11.62807,-16.468899
0.46725000000000005,-4.9364533,-10.09038
0.534,-8.7616205,-28.833153
0.60075,-12.785919,-38.891983
0.6675,-13.517968,-39.66486
0.7342500000000001,-10.02806,-43.499454
0.801,-7.3052597,-43.766426
