detection_window_start_time,detector_score,relative_sound_level
0.0,-8.549805,-35.07585
0.06675,-11.914354,-41.192356
0.1335,-12.745996,-33.580883
0.20025,-11.928403,-30.77114
0.267,-13.152653,-29.504126
0.33375,-11.830177,-25.501724
0.4005,-8.890758,-30.211027
0.46725000000000005,-2.8025184,-25.503807
0.534,-8.207403,-26.783031
0.60075,-11.924765,-27.67413
0.6675,-12.663495,-25.832594
0.7342500000000001,-10.603701,-42.33068
0.801,-8.352368,-43.49632
