detection_window_start_time,detector_score,relative_sound_level
0.0,-10.102396,-33.348534
0.06675,-13.712069,-47.720108
0.1335,-14.838116,-50.06188
0.20025,-13.641771,-51.297413
0.267,-13.55756,-31.331099
0.33375,-9.540769,-35.822895
0.4005,-10.5657425,-44.064796
0.46725000000000005,-9.022658,-37.1593
0.534,-5.0590086,-37.079308
0.60075,-9.349096,-39.348545
0.6675,-11.182008,-34.342045
0.7342500000000001,-9.238348,-31.62027
0.801,-6.545977,-40.4292
