detection_window_start_time,detector_score,relative_sound_level
0.0,-7.4668193,-37.10337
0.06675,-7.0733213,-40.346775
0.1335,-6.840824,-39.819828
0.20025,-10.762354,-39.76871
0.267,-9.669766,-39.96604
0.33375,-5.524873,-27.375324
0.4005,1.9664443,-28.284378
0.46725000000000005,-8.807563,-23.586071
0.534,-10.724929,-30.737648
0.60075,-12.729014,-37.41135
0.6675,-12.709707,-39.06353
0.7342500000000001,-10.068884,-39.43289
0.801,-7.2848434,-42.651253
