detection_window_start_time,detector_score,relative_sound_level
0.0,-5.483021,-35.709167
0.06675,-11.661941,-31.566914
0.1335,-14.313482,-48.33423
0.20025,-13.56497,-47.738857
0.267,-10.44629,-39.326614
0.33375,-2.1759892,-24.357307
0.4005,-0.8446386,-32.14055
0.46725000000000005,-10.700995,-28.608147
0.534,-13.302959,-40.47245
0.60075,-14.5151205,-45.136723
0.6675,-13.943345,-47.823643
0.7342500000000001,-10.491912,-48.55335
0.801,-7.501332,-42.099934
