detection_window_start_time,detector_score,relative_sound_level
0.0,-9.270041,-31.027296
0.06675,-12.617406,-40.683273
0.1335,-14.500977,-47.81248
0.20025,-13.042569,-49.290443
0.267,-9.547142,-45.24608
0.33375,-1.48374,-13.68614
0.4005,10.349024,-16.760372
0.46725000000000005,-0.103061736,-11.823778
0.534,-7.1272817,-28.7879
0.60075,-10.130518,-36.122803
0.6675,-11.311471,-37.000988
0.7342500000000001,-9.353991,-36.07289
0.801,-7.096596,-39.521652
