detection_window_start_time,detector_score,relative_sound_level
0.0,-10.685284,-35.067066
0.06675,-15.066837,-47.930305
0.1335,-15.14207,-46.454865
0.20025,-13.34558,-50.00689
0.267,-11.1107025,-42.719074
0.33375,-2.4388804,-22.60496
0.4005,-4.369475,-30.445993
0.46725000000000005,-13.414923,-32.77318
0.534,-14.78182,-39.21406
0.60075,-15.599497,-47.467762
0.6675,-14.265028,-49.303604
0.7342500000000001,-10.037605,-43.844658
0.801,-7.1503377,-39.45849
