detection_window_start_time,detector_score,relative_sound_level
0.0,-11.137145,-42.059803
0.06675,-14.787408,-52.145454
0.1335,-15.763272,-51.54772
0.20025,-15.415485,-51.454483
0.267,-14.371274,-51.5002
0.33375,-12.662918,-45.49765
0.4005,-10.92974,-37.488304
0.46725000000000005,-12.90695,-28.062344
0.534,-14.190832,-49.904945
0.60075,-15.137904,-49.61808
0.6675,-14.514163,-49.848785
0.7342500000000001,-10.809211,-46.54417
0.801,-7.4256463,-49.70133
