detection_window_start_time,detector_score,relative_sound_level
0.0,-9.859082,-36.569008
0.06675,-13.277765,-47.401882
0.1335,-14.351776,-48.87283
0.20025,-12.850462,-47.760883
0.267,-9.223392,-43.589153
0.33375,-1.7331268,-25.062107
0.4005,10.637224,-23.94683
0.46725000000000005,-6.3060803,-20.999653
0.534,-10.911115,-31.677315
0.60075,-12.8021755,-35.297455
0.6675,-13.079514,-38.96312
0.7342500000000001,-10.098431,-40.365757
0.801,-7.4844246,-40.909695
