detection_window_start_time,detector_score,relative_sound_level
0.0,-10.794312,-29.366476
0.06675,-14.537348,-51.286568
0.1335,-15.513853,-51.048454
0.20025,-15.511648,-51.025223
0.267,-14.7143545,-51.560448
0.33375,-14.9832325,-51.051323
0.4005,-14.97695,-48.9858
0.46725000000000005,-15.025883,-51.83162
0.534,-14.919916,-46.831493
0.60075,-14.742898,-48.509132
0.6675,-13.9738,-47.66167
0.7342500000000001,-10.197129,-50.45931
0.801,-7.407494,-37.70816
