detection_window_start_time,detector_score,relative_sound_level
0.0,-10.410093,-30.76042
0.06675,-13.976086,-51.16918
0.1335,-15.32283,-48.78459
0.20025,-12.928082,-50.783432
0.267,-7.8629365,-50.041904
0.33375,9.137896,-10.586958
0.4005,20.134857,-10.163283
0.46725000000000005,0.47454083,-4.849812
0.534,-4.8655357,-17.418844
0.60075,-8.453479,-33.270573
0.6675,-10.437117,-35.32974
0.7342500000000001,-8.7151,-37.77305
0.801,-6.684075,-39.691803
