detection_window_start_time,detector_score,relative_sound_level
0.0,-10.73128,-33.46089
0.06675,-14.036065,-48.449326
0.1335,-14.806498,-48.818672
0.20025,-11.604056,-49.5774
0.267,-6.8239584,-46.88236
0.33375,4.271261,-20.336027
0.4005,8.121721,-21.886599
0.46725000000000005,-4.4406085,-17.167322
0.534,-7.5091124,-27.619326
0.60075,-10.9564,-27.892664
0.6675,-11.869196,-32.456894
0.7342500000000001,-9.415725,-39.532497
0.801,-7.100925,-38.036358
