detection_window_start_time,detector_score,relative_sound_level
0.0,-9.4716835,-26.58157
0.06675,-11.934178,-42.109127
0.1335,-13.392428,-37.024643
0.20025,-10.843115,-38.77539
0.267,-10.010874,-32.368446
0.33375,-10.298409,-34.936596
0.4005,-10.585976,-31.745533
0.46725000000000005,-13.32902,-31.598303
0.534,-14.2871,-43.348534
0.60075,-13.266524,-48.349144
0.6675,-12.139164,-34.190346
0.7342500000000001,-6.015047,-30.349834
0.801,-4.50259,-34.21547
