detection_window_start_time,detector_score,relative_sound_level
0.0,-8.786259,-25.984943
0.06675,-11.985958,-41.19379
0.1335,-14.158882,-45.848103
0.20025,-13.2795315,-46.067
0.267,-13.15839,-35.323544
0.33375,-11.644819,-41.33805
0.4005,-9.966446,-41.71257
0.46725000000000005,-12.412894,-33.510113
0.534,-12.19811,-36.220947
0.60075,-12.053235,-41.6696
0.6675,-12.377993,-42.362514
0.7342500000000001,-9.434056,-38.836327
0.801,-7.153118,-35.77041
