detection_window_start_time,detector_score,relative_sound_level
0.0,-2.7349343,-35.403667
0.06675,-7.809273,-37.837025
0.1335,-11.751944,-38.35732
0.20025,-11.503973,-39.8089
0.267,-10.785763,-49.01223
0.33375,-2.2665012,-29.673786
0.4005,-0.4899007,-30.039568
0.46725000000000005,-11.423205,-26.172543
0.534,-13.235361,-34.41098
0.60075,-13.114536,-35.215675
0.6675,-12.176936,-34.443253
0.7342500000000001,-9.393545,-39.03119
0.801,-5.9653563,-39.151093
