detection_window_start_time,detector_score,relative_sound_level
0.0,-7.793868,-26.034588
0.06675,-10.1656885,-51.77176
0.1335,-9.465487,-50.038445
0.20025,-9.995068,-47.775703
0.267,-9.731961,13.413161
0.33375,-3.9771135,19.914944
0.4005,-3.259563,17.420631
0.46725000000000005,-8.528854,20.056324
0.534,-9.222504,-8.961337
0.60075,-8.990139,-15.124809
0.6675,-8.456254,-21.162407
0.7342500000000001,-6.7470737,-25.35877
0.801,-4.9472356,-29.435186
