detection_window_start_time,detector_score,relative_sound_level
0.0,-10.489145,-31.444567
0.06675,-14.16239,-50.286568
0.1335,-15.038786,-51.56557
0.20025,-14.501694,-51.42562
0.267,-14.775151,-41.53541
0.33375,-14.344078,-46.393654
0.4005,-14.525982,-42.565926
0.46725000000000005,-14.65643,-45.30279
0.534,-14.840506,-50.010128
0.60075,-15.31031,-52.298126
0.6675,-14.210946,-50.856705
0.7342500000000001,-10.33104,-50.464043
0.801,-7.223301,-38.962196
