detection_window_start_time,detector_score,relative_sound_level
0.0,-7.04991,-27.871208
0.06596875,-9.329828,-49.352173
0.1319375,-9.340536,-51.308804
0.19790625,-10.6896,-48.27889
0.263875,-11.829438,-30.197725
0.32984375000000005,-10.7759,19.18421
0.3958125,-7.363413,18.637869
0.46178125000000003,-9.649301,21.60435
0.52775,-8.631441,9.896012
0.5937187500000001,-7.2444105,-11.29046
0.6596875000000001,-6.801238,-17.671669
0.7256562500000001,-6.0543747,-20.95979
0.791625,-4.4738593,-26.7258
